{"text":"Users Dell Documents Ferre Untitled document.pdf:\n myown\n small\n pdf\n \n","startlines":0,"startpages":0,"startidx":0,"endlines":3,"endpages":0,"endidx":3,"file":"C:\/Users\/Dell\/Documents\/Ferre\\Untitled document.pdf","embeddings":[-0.1720219702,-0.4974470437,-0.1387954801,0.1707968265,0.002606323,-0.0375707522,0.4639438093,0.1014920324,0.058122512,0.214901641,-0.0835865363,-0.3160440028,0.0791869611,0.3184595406,0.0770541504,0.2682239413,-0.0631649122,0.0666141137,0.0937449485,-0.1434389204,-0.3408330083,0.1336133778,0.1966475099,0.208788231,-0.3658136725,-0.3039984703,-0.0547044501,0.0018047169,-0.5349620581,0.2104159892,-0.1472643018,0.0478347763,0.2371566892,0.0478113517,-0.0001068742,-0.2553835213,0.0515143238,-0.0367959291,0.0942143202,0.236868754,0.2802792192,0.0238513108,-0.2486631423,-0.2514446378,-0.0546110757,-0.030988276,0.0320220031,0.4843905568,-0.0279060155,0.1399022639,0.308901757,-0.1700640917,0.1922809929,-0.077607207,0.2908288538,0.1711488515,0.0007036794,-0.214530915,0.6176900864,-0.1952061802,0.1591057181,0.0830370337,0.0093393754,-0.156552881,0.0378450379,-0.0667412952,0.5791369677,-0.2294714153,0.3377228379,-0.017901063,0.4953811169,0.1872294843,0.1141462103,0.1349432468,0.3256906867,0.0725443959,0.0908396617,0.1520988941,-0.2454763502,-0.0535321198,-0.0171188861,-0.1490149647,-0.2567756176,-0.0641971827,-0.3075643182,0.2417665571,-0.180901289,-0.1754955351,-0.0666450262,-0.1890393496,-0.0195100605,0.1890758723,0.0107289962,0.0668890849,0.4454818666,-0.1433032006,-0.000024505,0.1437483132,-0.1330373585,0.0963788703,-0.0773572251,-0.1149411574,0.3019410372,0.2737784088,-0.1373791397,-0.1415276527,0.3151820004,0.2431804389,0.013822332,0.3702636063,0.3633069694,0.0702755004,-0.4604081213,-0.1417022645,-0.3754720688,-0.3780391514,-0.0127759129,-0.2866224945,-0.1436097622,0.3277449012,0.4551124573,0.3448711336,-0.0657146871,0.191710785,0.0505265519,0.019891616,0.1283508688,-0.1745791584,-0.130831629,-0.0444490239,-0.1411259323,0.1875033528,0.0392651968,-0.1569141597,-0.0701722056,0.1532975733,0.104177922,-0.1297456473,-0.01425156,0.0990908146,0.1306042522,-0.1981284469,-0.0687768385,0.2259660959,-0.1612050086,-0.0569715947,0.1504171044,-0.0608120784,0.0061125755,0.1662642509,-0.2321395874,-0.082000725,-0.275691539,0.3271123171,0.5167485476,-0.1447051913,0.0996841267,-0.2633669078,-0.1474789977,0.0030490458,0.3141304553,0.0181243569,-0.3915649354,0.0599231236,-0.2127907276,-0.0629837364,0.2094152868,-0.1692328304,-0.3660700321,-0.2689592242,-0.0081232414,0.1876134425,0.1492604911,0.3961144686,-0.2039021999,0.3376301527,0.3555096686,-0.2983282804,-0.6123269796,0.1539764106,-0.0679700747,-0.2668048143,0.095412001,0.0209055468,0.4984836876,-0.0702424869,0.3893527389,-0.2396367937,0.1936378628,-0.0145889483,-0.4186472595,-0.3346630335,-0.1481909454,0.1897988915,0.4799801111,-0.0282214507,-0.0004827604,-0.3077280223,0.1413733363,0.1335191876,-0.2528484166,0.1596838087,0.5640912652,0.3778445721,-0.0517971478,0.175830245,0.1551984251,-0.0527159795,-0.0338374041,-0.3389390409,0.3398646712,-0.3105658889,-0.2917599976,-0.3852431774,0.1098898426,-0.3041017652,0.2618022561,0.06483946,-0.0273011215,-0.0406339467,0.2016290277,-0.4068063498,-0.1723608673,-0.1350913197,0.0003668964,-0.238086462,-0.0558172688,0.0924922451,0.1223001629,-0.0878900364,0.1219781041,0.146804288,0.2784810364,0.1728030443,0.0498737134,-0.1813234836,0.2254831195,0.3140125871,0.0610550791,0.0803669244,-0.0550132021,-0.3268933594,0.1386995316,0.049663052,-0.1610269547,0.1699272692,-0.1629064679,-0.232524544,-0.141266197,-0.093541123,-0.1655477881,0.044763919,0.3133544326,-0.0703803897,0.2160358578,0.2864942253,0.2890816629,-0.0706816465,-0.1850893199,0.0881563872,-0.0231031291,0.0933106691,0.3199151754,0.3647406697,0.0263788886,0.1973893046,-0.0391710624,0.0398505367,0.1562654972,0.2568144202,-0.0455852486,-0.1034106985,0.0509971753,-0.1269391477,0.2786341906,-0.2289836854,-0.3491768241,0.2749828398,-0.1806032062,-0.1280299276,-0.2062633932,0.2221310139,-0.1000185162,0.0148645053,-0.1380077899,-0.3387691081,0.2381232381,-0.0639685243,0.0416934118,0.3684053719,0.1853717864,-0.0564169288,0.2757386565,0.2923220098,0.095632419,-0.1112053096,-0.1998048723,0.4272373319,-0.1654367745,0.4354785085,-0.0409455933,-0.0632302761,-0.0805981234,0.3059850931,-0.0268534273,0.0753666833,0.284660697,-0.2632803023,0.2673127055,-0.5615842938,-0.2228742838,-0.1083910316,-0.1562146693,0.019156646,0.1565461159,0.1253494918,-0.2432234883,0.0248268694,0.0212692562,-0.0330922566,-0.1118024737,-0.2625755668,0.0898794383,-0.1903161258,-0.0714825243,0.1322121024,0.1603586674,-0.0981314778,0.2422332615,0.0840558112,0.1951026917,-0.5112977028,-0.0998484418,0.0826584175,0.3428352773,0.2374241501,-0.0098785926,-0.335844636,0.3228779435,-0.09014263,-0.320305109,0.0741746724,0.1169013828,-0.0781790614,-0.0445901155,-0.4584189653,-0.0174123421,-0.112219438,-0.3668229878,-0.0431718677,-0.0446367934,0.3734887838,-0.217210412,-0.2791897058,0.0527072325,-0.0016697347,-0.0921613351,-0.1969088912,0.237126112,-0.4050813615,-0.0850126147,0.0462082289,0.3654600978,-0.2447063774,0.1607502103,-0.1667197645,0.0811985955,0.2154092789,0.0738310516,-0.255313009,0.1346803457,0.4210040271,-0.1526785046,0.2765398622,-0.2259632051,0.1744147539,0.2135956585,-0.1998415887,-0.5796732903,-0.0146253444,0.004550295,0.3160180748,0.0426743217,-0.0522240624,0.3645095527,0.145427838,-0.0750353262,0.0241304636,0.3238125145,-0.2927455306,0.0780661404,0.2381351441,0.1504141986,-0.1270934939,0.2987189591,0.014637867,0.1222682223,-0.3899474442,-0.2471267879,0.120491311,-0.1808193326,0.3684021831,-0.1963766366,-0.0794508159,0.4141988754,-0.282261312,0.0425173938,-0.0479683802,-0.1712513715,-0.2380518317,0.1176308542,0.1826699823,0.0403652117,0.2431526631,-0.1537009478,-0.6048923731,-0.0630908906,0.1677327752,-0.0609123409,-0.1389146,-0.1184934527,0.2444874346,-0.3868540227,-0.1689971834,-0.1453040689,0.022892382,-0.3765271306,-0.1172983572,0.2828734517,-0.0656228662,0.0079619819,-0.2344791144,0.0196246728,0.1614170969,0.6002780199,0.39016366,-0.2180787623,-0.0504878275,0.0542067066,0.2786079943,-0.6701442599,0.0122016519,0.2622496784,0.1109825969,-0.2349681854,-0.2163316309,0.0686305538,-0.192132324,0.0579742528,0.3321364224,-0.03128675,-0.2502992749,0.357385695,-0.0794853941,0.0508361347,-0.2417692244,0.487477839,-0.0373562723,-0.1395896375,-0.2018095851,0.1925049126,0.9396123886,-0.2743561268,0.1273137629,-0.2005061805,-0.046693217,-0.208656311,-0.0365151875,0.0187148005,-0.2544235289,-0.0620128885,-0.1975421757,0.2435457706,0.2295079231,-0.0775138289,-0.1859255731,-0.1027397811,-0.0850268006,-0.297092706,0.0006598905,-0.076887995,-0.1128006205,0.0121501461,0.1976476163,0.2403300405,0.0329498202,0.0551928207,-0.1862332821,0.2702044249,-0.1308853924,-0.2386665046,-0.3214434385,-0.0496240705,-0.3909409344,0.1246125028,0.0399539396,-0.0206922665,0.0956170857,0.1293717474,-0.1076045036,0.1891130805,-0.1625907123,0.2071111351,0.2820695937,-0.2127513885,-0.0148268649,0.0024119103,-0.1394873112,-0.0403176844,0.0473629311,0.0941905603,0.106248863,0.2403954715,-0.4723661244,0.1149054766,0.7006876469,-0.5455762148,-0.1508329809,-0.1916326284,-0.2809452713,-0.1286012232,0.2641301453,-0.1132624447,0.1729881763,0.0625633597,0.0787474364,-0.2051688731,0.0133642722,0.5428848863,0.066865921,-0.3820570409,0.1530962288,-0.2437313199,-0.3100377321,-0.6003003716,0.4124690294,-0.2987124026,0.066501312,0.0238833614,-0.1639647633,-0.2198004723,0.2330131233,0.4452112317,-0.0592979938,-0.3429822922,0.0362372138,-0.0615051314,-0.0295899771,-0.0025071353,0.1732859164,0.2655393481,-0.0258953534,-0.3694106042,0.2554265857,-0.234097451,-0.4363177717,0.4024213552,-0.2195782512,0.1045586392,0.0350406207,0.3304225802,0.1479394734,0.1257311106,0.2749183178,0.293330431,0.0402471796,-0.4460609257,-0.3159692287,0.0756637901,0.0201790147,-0.0423126444,0.1755196303,0.3926222324,-0.1226467043,0.2972596288,-0.1361106336,0.096928291,0.107950747,-0.1031043157,